python开发工程师,海淀区,2018-09-18,趣头条,20k-40k,20k-40k 经验5-10年 / 本科,
高级Python开发工程师,安定门,10:32发布,妙计旅行,12k-24k,12k-24k 经验1-3年 / 本科,
Python研发工程师,学院路,15:25发布,医渡云（北京）技术有限公司,25k-50k,25k-50k 经验5-10年 / 本科,
Python开发工程师,北京站,17:31发布,智水互娱,20k-40k,20k-40k 经验1-3年 / 大专,
Python工程师,北下关,09:12发布,中电信用,15k-25k,15k-25k 经验5-10年 / 本科,
Python工程师,中关村,09:43发布,新东方教育行业研究院,15k-30k,15k-30k 经验3-5年 / 大专,
高级Python开发工程师,知春路,10:52发布,NewsJet,25k-45k,25k-45k 经验3-5年 / 本科,
Python开发工程师,海淀区,15:41发布,海知智能,20k-40k,20k-40k 经验3-5年 / 本科,
Python开发工程师,万柳,10:09发布,微车,10k-18k,10k-18k 经验3-5年 / 本科,
python开发实习生,西北旺,10:43发布,青藤云安全,2k-3k,2k-3k 经验应届毕业生 / 硕士,
Python开发工程师,海淀区,10:11发布,iHandy,15k-30k,15k-30k 经验1-3年 / 本科,
Python 开发工程师,小关,10:09发布,博派通达,15k-30k,15k-30k 经验3-5年 / 不限,
django/python高级研发工程师,酒仙桥,16:47发布,每日优鲜便利购,20k-35k,20k-35k 经验3-5年 / 本科,
高级 Python 工程师,北京大学,1天前发布,波场TRON,20k-40k,20k-40k 经验3-5年 / 本科,
高级Python开发工程师,十里堡,10:47发布,汽车数据工场,12k-24k,12k-24k 经验1-3年 / 本科,
高级python工程师,中关村,09:43发布,新东方教育行业研究院,20k-30k,20k-30k 经验5-10年 / 大专,
高级Python工程师,海淀区,10:11发布,iHandy,25k-50k,25k-50k 经验3-5年 / 本科,
python工程师,望京,1天前发布,币世界,17k-34k,17k-34k 经验3-5年 / 本科,
Python高级研发工程师,小关,09:15发布,好巧,20k-35k,20k-35k 经验3-5年 / 本科,
Python工程师(新闻类),呼家楼,2天前发布,中金中富,20k-30k,20k-30k 经验3-5年 / 大专,
中高级Python开发工程师,北苑,09:19发布,汇游科技,20k-30k,20k-30k 经验3-5年 / 本科,
Python 高级开发工程师,海淀区,10:20发布,Face++,20k-40k,20k-40k 经验3-5年 / 本科,
中级python开发工程师,知春路,09:14发布,合心科技,20k-35k,20k-35k 经验不限 / 本科,
python高级研发工程师,大望路,08:46发布,乐飞天下,20k-35k,20k-35k 经验5-10年 / 大专,
python工程师,朝阳区,1天前发布,闪银奇异,30k-45k,30k-45k 经验不限 / 本科,
高级python开发工程师,四惠,18:38发布,悠扬互动,25k-30k,25k-30k 经验3-5年 / 本科,
python高级工程师-北京,西三旗,2天前发布,云沃客,25k-40k,25k-40k 经验5-10年 / 大专,
Python开发工程师(J10100),西二旗,14:09发布,会分期,15k-30k,15k-30k 经验3-5年 / 大专,
python研发工程师,四季青,09:23发布,CDS,15k-30k,15k-30k 经验5-10年 / 本科,
资深python开发工程师,双井,08:35发布,美柚,20k-40k,20k-40k 经验5-10年 / 本科,
Python研发工程师,亚运村,09:15发布,好巧,18k-30k,18k-30k 经验3-5年 / 大专,
高级Python研发工程师,四惠,09:40发布,掌阅,25k-35k,25k-35k 经验3-5年 / 本科,
python高级研发工程师（微应用）,建国门,10:24发布,聚宽 JoinQuant,20k-30k,20k-30k 经验1-3年 / 本科,
Python研发工程师,北京大学,3天前发布,诚信互通,15k-30k,15k-30k 经验3-5年 / 大专,
python开发工程师,来广营,15:51发布,一览科技,20k-40k,20k-40k 经验不限 / 硕士,
高级Python开发工程师,北京大学,3天前发布,Face++,25k-50k,25k-50k 经验3-5年 / 本科,
高级Python研发工程师,CBD,10:37发布,遨游酒店信息技术(深圳)有限责任公司,15k-30k,15k-30k 经验3-5年 / 本科,
Python高级开发工程师,万柳,10:09发布,微车,20k-30k,20k-30k 经验3-5年 / 本科,
Python开发工程师,海淀区,09:14发布,合心科技,20k-35k,20k-35k 经验1-3年 / 本科,
python研发工程师,望京,16:44发布,数美,15k-30k,15k-30k 经验1年以下 / 硕士,
python开发工程师,燕莎,1天前发布,摩尔妈妈,15k-30k,15k-30k 经验1-3年 / 本科,
python开发工程师,八里庄,1天前发布,天广汇通,15k-25k,15k-25k 经验3-5年 / 本科,
高级Python开发工程师,三元桥,09:23发布,弥财,20k-40k,20k-40k 经验5-10年 / 本科,
Python工程师,海淀区,09:22发布,学堂在线,15k-25k,15k-25k 经验3-5年 / 本科,
高级Python开发工程师,大望路,11:50发布,果壳网,20k-40k,20k-40k 经验3-5年 / 本科,
Linux C++/Python中高级研发工程师,小关,09:15发布,好巧,25k-35k,25k-35k 经验5-10年 / 本科,
高级python研发工程师,朝阳区,1天前发布,路书,25k-40k,25k-40k 经验5-10年 / 本科,
Python高级开发工程师 ,海淀区,1天前发布,格灵深瞳,15k-30k,15k-30k 经验3-5年 / 本科,
python,朝阳区,3天前发布,NIO蔚来,20k-40k,20k-40k 经验3-5年 / 本科,
Python开发工程师,中关村,17:46发布,汽车之家,15k-25k,15k-25k 经验3-5年 / 本科,
高级Python开发工程师,大兴区,09:26发布,京东金融,20k-40k,20k-40k 经验5-10年 / 本科,
Python开发工程师,上地,08:52发布,贝壳,25k-50k,25k-50k 经验1-3年 / 本科,
Python,上地,3天前发布,瓜子二手车直卖网,25k-30k,25k-30k 经验3-5年 / 本科,
高级python研发工程师,海淀区,2018-09-20,医渡云（北京）技术有限公司,20k-40k,20k-40k 经验3-5年 / 本科,
高级python开发工程师,中关村,1天前发布,Gridsum 国双,20k-30k,20k-30k 经验3-5年 / 本科,
Python 工程师,朝外,3天前发布,LeanCloud,20k-40k,20k-40k 经验3-5年 / 本科,
PYTHON研发工程师,朝阳区,17:21发布,麦达数字,25k-35k,25k-35k 经验3-5年 / 本科,
Python主管,朝外,15:22发布,销售易,20k-35k,20k-35k 经验5-10年 / 本科,
python工程师,建国门,10:24发布,聚宽 JoinQuant,15k-25k,15k-25k 经验不限 / 本科,
Python研发工程师,望京,1天前发布,一下科技,35k-55k,35k-55k 经验3-5年 / 本科,
Python开发工程师,五道口,11:52发布,知乎,15k-30k,15k-30k 经验3-5年 / 本科,
Python开发工程师,海淀区,10:02发布,乐信圣文,10k-20k,10k-20k 经验1-3年 / 本科,
Python开发工程师,中关村,3天前发布,众安天下 allsec,20k-30k,20k-30k 经验3-5年 / 本科,
高级Python研发工程师,团结湖,2天前发布,格上添富,20k-35k,20k-35k 经验5-10年 / 本科,
高级Python开发工程师,朝阳区,1天前发布,松果出行,30k-45k,30k-45k 经验3-5年 / 本科,
Python开发工程师,大望路,1天前发布,乐飞天下,10k-20k,10k-20k 经验3-5年 / 大专,
Python研发工程师（数据）,四惠,1天前发布,掌阅,20k-30k,20k-30k 经验1-3年 / 本科,
高级Python开发工程师,朝阳区,2天前发布,VIPKID,15k-30k,15k-30k 经验3-5年 / 本科,
高级Python工程师,朝阳区,3天前发布,CloudIn,30k-40k,30k-40k 经验3-5年 / 本科,
python开发工程师,望京,2018-09-17,保险师 · 微易信息科技,20k-40k,20k-40k 经验3-5年 / 本科,
高级python研发工程师,西三旗,19:33发布,源清慧虹,20k-30k,20k-30k 经验3-5年 / 本科,
Python系统开发工程师,建国门,10:24发布,聚宽 JoinQuant,15k-30k,15k-30k 经验1-3年 / 本科,
Python后端工程师,中关村,10:20发布,Face++,25k-50k,25k-50k 经验3-5年 / 本科,
Python开发工程师,酒仙桥,15:02发布,途家网,15k-30k,15k-30k 经验3-5年 / 本科,
Python开发工程师,西北旺,18:23发布,PALMAX,15k-25k,15k-25k 经验3-5年 / 本科,
Python开发工程师,西北旺,18:23发布,PALMAX,15k-25k,15k-25k 经验3-5年 / 本科,
python工程师,中关村,09:49发布,花生米富,16k-20k,16k-20k 经验3-5年 / 大专,
Python开发工程师,朝阳门,2天前发布,蛋壳公寓,20k-40k,20k-40k 经验5-10年 / 本科,
Python开发工程师,十里堡,2天前发布,VIPKID,18k-35k,18k-35k 经验3-5年 / 本科,
Python工程师-机器学习方向,来广营,2018-09-14,曜辉科技,20k-35k,20k-35k 经验1-3年 / 本科,
Python开发工程师,西北旺,15:13发布,Aibee,18k-36k,18k-36k 经验3-5年 / 本科,
Python开发实习生,海淀区,1天前发布,iHandy,5k-8k,5k-8k 经验应届毕业生 / 本科,
Python后台开发工程师,朝阳门,1天前发布,Zenjoy,15k-30k,15k-30k 经验3-5年 / 本科,
Python开发工程师（后端）,朝阳区,17:25发布,快爽,20k-30k,20k-30k 经验1-3年 / 本科,
服务器开发工程师（nodejs/java/python/go,上地,09:42发布,竞技世界,25k-40k,25k-40k 经验5-10年 / 本科,
Python中级开发工程师,大望路,1天前发布,乐飞天下,17k-34k,17k-34k 经验5-10年 / 大专,
Python开发,西北旺,09:49发布,微创,10k-13k,10k-13k 经验不限 / 本科,
Python研发工程师,朝阳区,2018-09-19,学霸君,20k-35k,20k-35k 经验3-5年 / 本科,
Python研发工程师,团结湖,2天前发布,格上添富,13k-25k,13k-25k 经验3-5年 / 本科,
Python开发工程师,上地,2018-08-30,苏州锦佰安,15k-30k,15k-30k 经验3-5年 / 本科,
Python 研发工程师,海淀区,16:59发布,字节跳动,25k-45k,25k-45k 经验3-5年 / 本科,
python开发工程师,太阳宫,2天前发布,老虎证券,20k-40k,20k-40k 经验1-3年 / 本科,
python高级工程师,海淀区,3天前发布,火币网,20k-30k,20k-30k 经验不限 / 本科,
高级Python开发工程师(J10075),西二旗,14:09发布,会分期,15k-25k,15k-25k 经验3-5年 / 本科,
系统开发工程师（Python）,五道口,09:22发布,学堂在线,20k-35k,20k-35k 经验3-5年 / 本科,
高级Python开发工程师—CI/CD方向,望京,1天前发布,Bespin,20k-40k,20k-40k 经验3-5年 / 本科,
Python 开发,西二旗,1天前发布,联想集团,10k-15k,10k-15k 经验1-3年 / 本科,
Python工程师,海淀区,10:20发布,Face++,20k-40k,20k-40k 经验1-3年 / 本科,
python运维开发工程师,朝阳区,2天前发布,京东集团,30k-60k,30k-60k 经验5-10年 / 本科,
Python开发工程师,国贸,3天前发布,爱选科技,15k-25k,15k-25k 经验3-5年 / 本科,
高级python开发工程师,朝阳区,2018-09-13,智影,20k-40k,20k-40k 经验5-10年 / 本科,
Python研发工程师（中高级）,四惠,09:40发布,掌阅,15k-25k,15k-25k 经验3-5年 / 本科,
python工程师,望京,2天前发布,美利金融,13k-25k,13k-25k 经验3-5年 / 本科,
Python工程师-赴微软小冰,中关村,09:49发布,微创,8k-10k,8k-10k 经验1-3年 / 本科,
初级Python开发工程师,北苑,09:19发布,汇游科技,10k-15k,10k-15k 经验3-5年 / 本科,
Python开发工程师—监控方向,望京,1天前发布,Bespin,15k-30k,15k-30k 经验3-5年 / 本科,
高级Python后端工程师,中关村,10:20发布,Face++,25k-50k,25k-50k 经验3-5年 / 本科,
PHP ／Python 后端研发工程师,西北旺,18:23发布,PALMAX,15K-25K,15K-25K 经验3-5年 / 本科,
高级python开发工程师,大望路,09:59发布,她理财,15k-30k,15k-30k 经验1-3年 / 本科,
高级python开发工程师,团结湖,2天前发布,闪银奇异,28k-45k,28k-45k 经验5-10年 / 本科,
Python研发工程师,西北旺,2天前发布,库神,20k-40k,20k-40k 经验1-3年 / 本科,
python实习生（产品线）,紫竹桥,2018-08-29,绿盟科技,2k-4k,2k-4k 经验不限 / 本科,
高级Python开发工程师,海淀区,14:05发布,智融集团,25k-40k,25k-40k 经验3-5年 / 本科,
高级Python工程师,北京大学,2018-09-19,专业SAP咨询服务提供商,40k-50k,40k-50k 经验5-10年 / 本科,
python开发工程师-赴微软,中关村,09:49发布,微创,10k-15k,10k-15k 经验1-3年 / 本科,
Python 开发工程师,西城区,10:56发布,金证股份,15k-17k,15k-17k 经验3-5年 / 本科,
python高级开发工程师（技术）,望京,2天前发布,一起科技,25k-50k,25k-50k 经验3-5年 / 本科,
python开发工程师,京广桥,3天前发布,车势科技,15k-25k,15k-25k 经验3-5年 / 本科,
Python中级工程师,甜水园,1天前发布,ZingFront智线,15k-25k,15k-25k 经验3-5年 / 本科,
高级Python工程师,五道口,2018-09-14,tataUFO,25k-35k,25k-35k 经验3-5年 / 本科,
高级Python开发工程师—监控方向,望京,1天前发布,Bespin,20k-40k,20k-40k 经验3-5年 / 本科,
python开发,亮马桥,10:56发布,金证股份,10k-20k,10k-20k 经验3-5年 / 大专,
python高级后端工程师,北京大学,3天前发布,Face++,25k-50k,25k-50k 经验5-10年 / 本科,
Python 数据开发工程师,朝阳区,11:30发布,闪银奇异,20k-40k,20k-40k 经验3-5年 / 本科,
python研发工程师,朝阳区,1天前发布,路书,18k-30k,18k-30k 经验3-5年 / 本科,
Python,北京大学,3天前发布,灵雀云,13k-25k,13k-25k 经验不限 / 本科,
高级python后端工程师,知春路,09:14发布,合心科技,20k-35k,20k-35k 经验3-5年 / 本科,
python开发,苏州街,10:07发布,多贝网,10k-20k,10k-20k 经验应届毕业生 / 本科,
Python开发,五道口,1天前发布,知乎,20k-40k,20k-40k 经验1-3年 / 本科,
Python开发（赴百度）,西北旺,09:49发布,微创,10k-14k,10k-14k 经验不限 / 本科,
高级python研发工程师,海淀区,2天前发布,字节跳动,20k-40k,20k-40k 经验1-3年 / 本科,
校招-Python/Golang研发工程师,海淀区,2天前发布,金山云,10k-15k,10k-15k 经验不限 / 本科,
python开发工程师,海淀区,1天前发布,INK 银客集团,20k-30k,20k-30k 经验5-10年 / 大专,
Python, nodejs, golang工程师,朝阳区,2天前发布,Cobo Wallet,30k-60k,30k-60k 经验3-5年 / 本科,
Python开发工程师,上地,3天前发布,瓜子二手车直卖网,20k-40k,20k-40k 经验3-5年 / 本科,
python开发,亮马桥,10:56发布,金证股份,10k-15k,10k-15k 经验3-5年 / 大专,
Python工程师,西北旺,2018-09-06,度小满金融,15k-30k,15k-30k 经验1-3年 / 本科,
Python,中关村,14:09发布,智清金科,20k-35k,20k-35k 经验不限 / 本科,
Python,建国门,10:24发布,聚宽 JoinQuant,15k-30k,15k-30k 经验1-3年 / 本科,
Python高级开发工程师 (MJ003815),大钟寺,1天前发布,达内集团,15k-25k,15k-25k 经验3-5年 / 本科,
python开发工程师,海淀区,2018-09-20,搜狐集团,20k-35k,20k-35k 经验3-5年 / 本科,
python工程师,清华大学,2天前发布,知源智生,15k-30k,15k-30k 经验3-5年 / 本科,
Python开发工程师,海淀区,2018-09-20,去哪儿网-保险金融,20k-30k,20k-30k 经验1-3年 / 本科,
Python开发工程师,望京,2018-09-15,厨芯科技,15k-30k,15k-30k 经验3-5年 / 本科,
Python开发工程师,燕莎,10:15发布,老虎证券,20k-40k,20k-40k 经验1-3年 / 本科,
Python开发工程师,五道口,09:47发布,南软,10k-18k,10k-18k 经验3-5年 / 本科,
Python开发工程师—CI/CD方向,望京,1天前发布,Bespin,15k-30k,15k-30k 经验3-5年 / 本科,
python开发工程师,海淀区,2018-09-23,字节跳动,20k-40k,20k-40k 经验1-3年 / 本科,
Python工程师,北苑,09:39发布,北京雷石公司,10k-20k,10k-20k 经验1-3年 / 大专,
Python开发工程师,中关村,09:22发布,学堂在线,15k-25k,15k-25k 经验3-5年 / 本科,
高级python工程师,海淀区,2018-09-10,字节跳动,40k-60k,40k-60k 经验3-5年 / 本科,
狐友Python开发工程师,海淀区,1天前发布,搜狐集团,20k-35k,20k-35k 经验1-3年 / 本科,
Python开发工程师,将台路,1天前发布,豆瓣网,20k-35k,20k-35k 经验3-5年 / 本科,
Python开发工程师,朝阳区,3天前发布,闪银奇异,18k-35k,18k-35k 经验3-5年 / 本科,
python中高级开发工程师,安定门,2018-09-05,共识无限,20k-30k,20k-30k 经验3-5年 / 本科,
Python开发工程师,朝阳区,09:31发布,罗辑思维,25k-50k,25k-50k 经验3-5年 / 本科,
Python工程师,海淀区,09:22发布,学堂在线,25k-40k,25k-40k 经验5-10年 / 硕士,
Python开发工程师,上地,1天前发布,贝壳,25k-50k,25k-50k 经验3-5年 / 本科,
Python研发工程师,北京,2018-09-13,LBE 科技,20k-35k,20k-35k 经验不限 / 本科,
Python开发工程师,海淀区,1天前发布,下厨房,15k-25k,15k-25k 经验1-3年 / 本科,
Python后端研发工程师,朝阳区,10:47发布,京东集团,25k-50k,25k-50k 经验3-5年 / 本科,
python量化开发工程师,国贸,1天前发布,东吴在线,12k-20k,12k-20k 经验不限 / 本科,
Python 开发工程师,大兴区,2天前发布,金风科技,18k-35k,18k-35k 经验3-5年 / 本科,
Python后端架构师,知春路,12:58发布,好未来,35k-70k,35k-70k 经验5-10年 / 本科,
python开发,苏州街,09:52发布,多贝网,10k-20k,10k-20k 经验应届毕业生 / 本科,
Python 中高级工程师,朝阳区,2018-09-14,闪银奇异,25k-50k,25k-50k 经验3-5年 / 本科,
Python开发工程师-变现业务,海淀区,2天前发布,字节跳动,25k-40k,25k-40k 经验1-3年 / 本科,
python开发,苏州街,09:52发布,多贝网,10k-20k,10k-20k 经验应届毕业生 / 本科,
高级Python工程师,甜水园,1天前发布,ZingFront智线,15k-25k,15k-25k 经验3-5年 / 本科,
Python工程师,朝阳区,2018-09-03,优护家,20k-30k,20k-30k 经验3-5年 / 本科,
Python高级开发工程师,中关村,14:56发布,爱奇艺,20k-40k,20k-40k 经验3-5年 / 本科,
python研发工程师,朝阳区,2天前发布,国美金控,30k-40k,30k-40k 经验5-10年 / 本科,
Python开发工程师,上地,11:27发布,中睿天下,15k-30k,15k-30k 经验3-5年 / 本科,
Python讲师,清河,09:04发布,中公教育,20k-30k,20k-30k 经验3-5年 / 本科,
Python工程师（新华互联）,车公庄,14:58发布,新华书店总店,7k-14k,7k-14k 经验1-3年 / 本科,
Python工程师-服务器端,东大桥,1天前发布,Weego Travel,15k-30k,15k-30k 经验1-3年 / 本科,
中级python开发工程师,学院路,13:24发布,超盟数据,20k-30k,20k-30k 经验3-5年 / 本科,
python高级工程师,中关村,09:49发布,花生米富,25k-30k,25k-30k 经验5-10年 / 本科,
Python高级软件工程师,中关村,2天前发布,未来光合,25K-35K,25K-35K 经验3-5年 / 本科,
高级Python开发工程师,西北旺,2天前发布,库神,14k-28k,14k-28k 经验不限 / 本科,
高级服务器端Python工程师,朝阳区,11:31发布,闪银奇异,30k-45k,30k-45k 经验3-5年 / 本科,
Python高级工程师-服务器端,东大桥,1天前发布,Weego Travel,25k-50k,25k-50k 经验3-5年 / 本科,
python开发工程师,东城区,1天前发布,奥克巴尔,20k-30k,20k-30k 经验3-5年 / 本科,
数据平台研发Python工程师,望京,10:18发布,美团点评,25k-45k,25k-45k 经验3-5年 / 本科,
Python开发工程师,东四十条,3天前发布,信永中和,15k-25k,15k-25k 经验3-5年 / 本科,
Python开发,五道口,3天前发布,北京智胜新格科技有限公司,15k-30k,15k-30k 经验1-3年 / 本科,
Python开发工程师,海淀区,2018-09-13,缔联科技,10k-20k,10k-20k 经验3-5年 / 本科,
Python开发工程师,朝阳区,3天前发布,第三石科技,15k-30k,15k-30k 经验3-5年 / 本科,
python开发工程师,海淀区,2018-09-10,字节跳动,20k-40k,20k-40k 经验1-3年 / 本科,
高级Python开发工程师,望京,10:30发布,更美APP,25k-45k,25k-45k 经验3-5年 / 本科,
Python工程师,四惠,1天前发布,好大夫在线,18k-35k,18k-35k 经验不限 / 本科,
PHP/Python 开发工程师,西二旗,3天前发布,百度,15k-30k,15k-30k 经验3-5年 / 本科,
Python工程师,中关村,3天前发布,LinkDoc,18k-36k,18k-36k 经验不限 / 本科,
Python 研发工程师,清华大学,3天前发布,感易智能,15K-25K,15K-25K 经验1-3年 / 本科,
Python研发工程师,清华大学,2018-09-19,颐邦科技,15k-25k,15k-25k 经验1-3年 / 本科,
Python 开发工程师,团结湖,2天前发布,闪银奇异,15k-25k,15k-25k 经验3-5年 / 本科,
高级python后端研发工程师,中关村,3天前发布,LinkDoc,26k-52k,26k-52k 经验不限 / 本科,
Python高级研发工程师,望京,10:30发布,更美APP,25k-45k,25k-45k 经验3-5年 / 本科,
资深python开发工程师,中关村,2天前发布,Gridsum 国双,20k-30k,20k-30k 经验3-5年 / 本科,
Python高级研发工程师(技术),望京,2天前发布,一起科技,15k-30k,15k-30k 经验不限 / 不限,
Python开发工程师,朝阳区,2018-09-20,溪流科技,12k-24k,12k-24k 经验3-5年 / 本科,
资深Python开发,五道口,1天前发布,知乎,30k-45k,30k-45k 经验5-10年 / 本科,
Python开发工程师,金融街,1天前发布,中科国际,10k-18k,10k-18k 经验1-3年 / 本科,
Python,清河,2天前发布,春雨医生,20k-40k,20k-40k 经验3-5年 / 本科,
Python开发工程师,团结湖,3天前发布,猎户星空,18k-35k,18k-35k 经验3-5年 / 本科,
Python开发工程师(J11761),朝阳区,15:22发布,便利蜂,10k-15k,10k-15k 经验1-3年 / 本科,
Python开发工程师,上地,2018-08-30,苏州锦佰安,15k-30k,15k-30k 经验3-5年 / 本科,
Python架构师,学院路,16:03发布,CC视频,22k-35k,22k-35k 经验5-10年 / 本科,
Python高级数据工程师,万柳,10:09发布,微车,20k-30k,20k-30k 经验3-5年 / 本科,
Python开发工程师,西北旺,1天前发布,轻易贷,15k-28k,15k-28k 经验3-5年 / 本科,
python开发工程师,中关村,3天前发布,LinkDoc,14k-28k,14k-28k 经验不限 / 本科,
Python工程师,朝阳区,3天前发布,闪银奇异,20k-40k,20k-40k 经验3-5年 / 本科,
python高级开发工程师（技术）,望京,2天前发布,一起科技,25k-50k,25k-50k 经验3-5年 / 本科,
Python平台开发工程师,五道口,1天前发布,知乎,22k-35k,22k-35k 经验不限 / 本科,
python工程师,西二旗,3天前发布,多诺信息科技,15k-25k,15k-25k 经验3-5年 / 大专,
Python架构师,万柳,10:09发布,微车,30k-60k,30k-60k 经验5-10年 / 本科,
python,海淀区,2天前发布,春雨医生,18k-36k,18k-36k 经验不限 / 本科,
Python开发工程师,燕莎,3天前发布,老虎证券,20k-35k,20k-35k 经验1-3年 / 本科,
Python实习生,紫竹桥,2018-08-29,绿盟科技,2k-4k,2k-4k 经验不限 / 本科,
高级Python开发工程师,大兴区,09:26发布,京东金融,20k-40k,20k-40k 经验5-10年 / 本科,
python开发工程师,海淀区,2天前发布,创新奇智,15k-30k,15k-30k 经验3-5年 / 本科,
算法开发工程师（Python）,五道口,10:45发布,商汤科技,20k-40k,20k-40k 经验1-3年 / 本科,
Python开发工程师,朝阳区,1天前发布,必胜课,10k-15k,10k-15k 经验1-3年 / 本科,
资深Python 工程师,海淀区,3天前发布,鲸媒体,22k-32k,22k-32k 经验不限 / 本科,
python开发工程师,大兴区,3天前发布,黑牛保,13k-20k,13k-20k 经验3-5年 / 本科,
Python开发工程师,团结湖,2天前发布,闪银奇异,15k-25k,15k-25k 经验1-3年 / 本科,
Python工程师,西城区,2018-09-21,梦哆啦,10k-20k,10k-20k 经验3-5年 / 本科,
资深Python工程师,四惠,2018-09-13,LBE 科技,35k-45k,35k-45k 经验5-10年 / 本科,
python开发工程师,太阳宫,3天前发布,老虎证券,20k-40k,20k-40k 经验1-3年 / 本科,
Python开发工程师,朝阳区,3天前发布,The ONE,20k-30k,20k-30k 经验3-5年 / 本科,
大数据平台开发工程师 Java/Python,海淀区,14:49发布,生命奇点,10k-20k,10k-20k 经验应届毕业生 / 本科,
Python量化系统工程师,大屯,3天前发布,百乘集团,20k-40k,20k-40k 经验3-5年 / 本科,
高级python工程师,海淀区,2018-09-23,字节跳动,40k-60k,40k-60k 经验3-5年 / 本科,
python讲师,上地,1天前发布,北京八维研修学院,15k-20k,15k-20k 经验3-5年 / 本科,
Python资深开发工程师,海淀区,2018-09-21,中化能源科技有限公司,25k-40k,25k-40k 经验5-10年 / 本科,
Python 工程师,西二旗,2018-09-20,北京瑞友,12k-16k,12k-16k 经验3-5年 / 本科,
Python开发工程师,白石桥,1天前发布,象辑科技,10k-20k,10k-20k 经验1-3年 / 本科,
Python研发工程师,朝阳区,2018-09-14,CloudIn,20k-40k,20k-40k 经验5-10年 / 本科,
python开发工程师,朝阳区,2018-09-03,猎户星空,15k-30k,15k-30k 经验1-3年 / 本科,
python工程师,四季青,09:03发布,明微科技,4k-6k,4k-6k 经验不限 / 本科,
资深Python研发工程师（devops经验优先）,双榆树,1天前发布,Gridsum 国双,20k-35k,20k-35k 经验5-10年 / 本科,
Python开发工程师,将台路,3天前发布,墨迹天气,15k-25k,15k-25k 经验3-5年 / 本科,
python开发工程师,海淀区,2018-09-05,中公教育,15k-30k,15k-30k 经验3-5年 / 本科,
python工程师(北京),苏州街,18:05发布,码隆科技,15k-25k,15k-25k 经验1-3年 / 本科,
Python,朝阳区,3天前发布,绛门科技,12k-22k,12k-22k 经验3-5年 / 大专,
Python开发工程师,华贸,17:30发布,马上金融,20k-30k,20k-30k 经验3-5年 / 大专,
服务端高级开发工程师Golang/Python,望京,1天前发布,美团点评,35k-45k,35k-45k 经验3-5年 / 本科,
python开发工程师,酒仙桥,3天前发布,视觉中国,15k-25k,15k-25k 经验3-5年 / 本科,
python开发工程师,北京,2018-09-17,悠扬互动,13k-20k,13k-20k 经验1-3年 / 本科,
python开发工程师,朝阳区,2018-09-13,智影,15k-20k,15k-20k 经验1-3年 / 本科,
python开发工程师,四季青,11:18发布,中科物安,15k-25k,15k-25k 经验3-5年 / 本科,
中级Python开发工程师(000416),海淀区,10:10发布,茄子快传,15k-30k,15k-30k 经验1-3年 / 本科,
Python开发工程师,酒仙桥,3天前发布,互影科技,15k-20k,15k-20k 经验5-10年 / 本科,
Python开发,朝阳区,2018-09-14,闪银奇异,10k-15k,10k-15k 经验应届毕业生 / 本科,
Python开发工程师,海淀区,1天前发布,百度视频,15k-25k,15k-25k 经验3-5年 / 本科,
高级Python研发工程师（DevOps经验优先）,双榆树,1天前发布,Gridsum 国双,15k-25k,15k-25k 经验3-5年 / 本科,
python开发工程师,海淀区,10:10发布,茄子快传,15k-30k,15k-30k 经验1-3年 / 本科,
Python研发编辑,清河,09:04发布,中公教育,15k-25k,15k-25k 经验1-3年 / 本科,
Python工程师,太阳宫,3天前发布,老虎证券,18k-35k,18k-35k 经验3-5年 / 本科,
Python开发工程师,朝阳区,2018-09-14,一点资讯,20k-40k,20k-40k 经验1-3年 / 本科,
python后台工程师,海淀区,1天前发布,混沌大学,15k-25k,15k-25k 经验1-3年 / 本科,
python开发实习生,朝阳区,1天前发布,摩尔妈妈,4k-8k,4k-8k 经验应届毕业生 / 本科,
Python开发工程师,西直门,2018-09-05,北邮泰山研究院,8k-15k,8k-15k 经验1-3年 / 本科,
python开发工程师,中关村,10:15发布,游尔机器人,10k-20k,10k-20k 经验1-3年 / 本科,
Python开发工程师,三里屯,2018-09-04,原子钟,15k-25k,15k-25k 经验3-5年 / 本科,
Python工程师,回龙观,2018-09-17,七天教育,20k-30k,20k-30k 经验5-10年 / 本科,
python工程师,四惠,2018-08-30,LBE 科技,20k-40k,20k-40k 经验3-5年 / 本科,
python,十八里店,3天前发布,The ONE,20k-30k,20k-30k 经验3-5年 / 本科,
资深python开发,东直门,2天前发布,客知音,35k-50k,35k-50k 经验不限 / 本科,
Python开发工程师,大兴区,2018-09-21,金色华勤,10k-15k,10k-15k 经验不限 / 本科,
资深Python研发工程师,中关村,2天前发布,Gridsum 国双,20k-40k,20k-40k 经验3-5年 / 本科,
高级Python工程师(000397)(BJ),海淀区,10:10发布,茄子快传,15k-30k,15k-30k 经验1-3年 / 本科,
Python助理讲师,清河,09:04发布,中公教育,7k-10k,7k-10k 经验1-3年 / 本科,
Python开发工程师,东城区,2018-09-04,慧泽商通,10k-20k,10k-20k 经验3-5年 / 本科,
Java/Python,白石桥,2天前发布,石云科技,8k-16k,8k-16k 经验应届毕业生 / 大专,
python开发工程师,万柳,2天前发布,币信,15k-30k,15k-30k 经验1-3年 / 大专,
Python工程师,大望路,3天前发布,诸葛找房,20k-40k,20k-40k 经验3-5年 / 不限,
Python开发工程师,朝阳区,2018-09-22,柔持英语,20k-40k,20k-40k 经验3-5年 / 本科,
Python讲师 (MJ001577),方庄,1天前发布,达内集团,18k-30k,18k-30k 经验5-10年 / 本科,
Python高级研发工程师-度假事业部(J11528),中关村,2天前发布,去哪儿网,20k-40k,20k-40k 经验3-5年 / 本科,
python中高端开发工程师,海淀区,3天前发布,新浪微博,20k-40k,20k-40k 经验1-3年 / 本科,
Python开发工程师,酒仙桥,2018-08-30,磁力信,12k-24k,12k-24k 经验3-5年 / 本科,
Python高级开发,西北旺,09:16发布,链家,50k-80k,50k-80k 经验3-5年 / 本科,
Python应届毕业生,团结湖,2天前发布,格上添富,5k-8k,5k-8k 经验不限 / 本科,
高级Python工程师,海淀区,3天前发布,秒秒测科技,15k-30k,15k-30k 经验3-5年 / 本科,
Python讲师,大钟寺,1天前发布,达内集团,18k-30k,18k-30k 经验3-5年 / 本科,
Python/Ruby,白石桥,2天前发布,石云科技,15k-30k,15k-30k 经验1-3年 / 本科,
python工程师,CBD,2018-09-18,FIT2CLOUD,15k-25k,15k-25k 经验3-5年 / 本科,
Python开发工程师,朝阳区,2018-09-14,闪银奇异,18k-35k,18k-35k 经验1-3年 / 本科,
Python工程师,西三旗,2018-09-11,知网,7k-11k,7k-11k 经验应届毕业生 / 本科,
python 开发工程师,大山子,2018-08-29,邻萌宝,12k-22k,12k-22k 经验1-3年 / 本科,
Python开发攻城狮,建国门,2018-09-17,探探,20k-40k,20k-40k 经验不限 / 本科,
Python开发工程师,中关村,3天前发布,助理来也,20k-40k,20k-40k 经验3-5年 / 本科,
Python工程师,海淀区,3天前发布,中视科华北京技术服务分公司,10k-18k,10k-18k 经验3-5年 / 本科,
Python研发工程师,上地,2018-09-20,云孚科技,6k-12k,6k-12k 经验不限 / 本科,
python中级开发工程师,北京大学,09:09发布,昱然智能,15k-25k,15k-25k 经验5-10年 / 本科,
Python开发,北京大学,3天前发布,通力互联,9k-18k,9k-18k 经验3-5年 / 大专,
python开发工程师,海淀区,2018-09-12,微步在线,15k-25k,15k-25k 经验3-5年 / 本科,
python工程师,亮马桥,2018-09-11,赤子城,20k-35k,20k-35k 经验3-5年 / 本科,
Python研发工程师,海淀区,2018-08-30,企名片,7k-12k,7k-12k 经验应届毕业生 / 本科,
Python,北京,2天前发布,聚微,12k-24k,12k-24k 经验1-3年 / 大专,
Python,白石桥,2天前发布,石云科技,10k-20k,10k-20k 经验应届毕业生 / 本科,
Python开发工程师,北京大学,2天前发布,新浪网,13k-26k,13k-26k 经验1-3年 / 本科,
Python工程师,海运仓,2018-09-17,梦珊瑚,25k-40k,25k-40k 经验5-10年 / 本科,
高级Python开发工程师,朝阳区,1天前发布,成安科技,15k-30k,15k-30k 经验3-5年 / 本科,
服务器端开发工程师（Python）,国贸,10:14发布,凯奇谷,10k-16k,10k-16k 经验1-3年 / 本科,
Python高级开发工程师,南礼士路,1天前发布,美景听听App,15k-30k,15k-30k 经验3-5年 / 本科,
Python开发工程师,海淀区,2018-09-17,小立教育,15k-25k,15k-25k 经验应届毕业生 / 本科,
Python研发工程师,四惠,2018-09-13,LBE 科技,20k-30k,20k-30k 经验3-5年 / 本科,
python开发工程师,学院路,2018-09-05,阿博茨科技,15k-30k,15k-30k 经验1-3年 / 本科,
Java/Python开发工程师（19届）,望京,2018-09-17,陌陌,12k-24k,12k-24k 经验应届毕业生 / 本科,
Python开发,酒仙桥,2018-09-10,致趣广告,8k-15k,8k-15k 经验1-3年 / 本科,
Python工程师,西二旗,2018-09-04,北京睿为时代科技有限公司,15k-30k,15k-30k 经验3-5年 / 本科,
高级Python工程师,亚运村,15:57发布,百乘传媒,18k-30k,18k-30k 经验5-10年 / 本科,
【2019校招】助理软件开发工程师（python),朝阳公园,2018-09-20,乐融集团,10k-14k,10k-14k 经验应届毕业生 / 本科,
Python开发工程师,中关村,2018-09-17,冲浪科技,8k-15k,8k-15k 经验1-3年 / 本科,
python工程师(J11548),大山子,2018-09-11,便利蜂,25k-40k,25k-40k 经验3-5年 / 本科,
python数据开发,朝阳区,11:30发布,闪银奇异,13k-18k,13k-18k 经验应届毕业生 / 本科,
python工程师,学院路,2018-09-24,龙船（北京）科技有限公司,8k-15k,8k-15k 经验1-3年 / 本科,
Python开发工程师（反Spam方向）,望京,2018-09-17,陌陌,15k-30k,15k-30k 经验1-3年 / 本科,
Python开发工程师,清华大学,2018-09-06,涵德投资,8k-10k,8k-10k 经验应届毕业生 / 本科,
Python开发工程师,海淀区,2018-09-06,任子行,15k-20k,15k-20k 经验3-5年 / 本科,
Python研发工程师,望京,2018-09-03,中子星,8k-16k,8k-16k 经验1-3年 / 本科,
区块链工程师（python）,学院路,2天前发布,布路诺,15k-30k,15k-30k 经验3-5年 / 本科,
存储应用开发工程师-Java/GO/Python,远大路,09:53发布,XSKY,18k-35k,18k-35k 经验3-5年 / 本科,
Python开发工程师,高碑店,2018-09-20,趣活美食送,10k-20k,10k-20k 经验3-5年 / 本科,
Python/Golang开发工程师,望京,2018-09-13,图玛深维,15k-30k,15k-30k 经验3-5年 / 本科,
Python程序员,中关村,2018-09-05,四通工控,8K-15K,8K-15K 经验3-5年 / 本科,
高级Python工程师,望京,09:14发布,右划,30k-60k,30k-60k 经验1-3年 / 本科,
Python研发工程师,海淀区,2018-09-05,融360,20k-40k,20k-40k 经验5-10年 / 本科,
Python开发工程师,望京,2018-09-04,未来安全,15k-30k,15k-30k 经验3-5年 / 本科,
Python开发工程师,海运仓,2018-09-13,北京神黄科技股份有限公司,15k-30k,15k-30k 经验1-3年 / 本科,
Python内容库开发工程师（技术）,望京,2天前发布,一起科技,15k-30k,15k-30k 经验不限 / 本科,
Python算法工程师（初中级）,小西天,3天前发布,盛和资讯,15k-25k,15k-25k 经验1-3年 / 本科,
资深python研发工程师,CBD,2018-09-20,中云网安,20k-35k,20k-35k 经验5-10年 / 本科,
后端开发专家（Python）,酒仙桥,17:44发布,360企业安全,20k-30k,20k-30k 经验5-10年 / 本科,
高级Java/PHP/Python工程师,甜水园,1天前发布,ZingFront智线,15k-30k,15k-30k 经验3-5年 / 本科,
云迁移平台Python开发高级工程师,奥运村,3天前发布,博飞,15k-30k,15k-30k 经验5-10年 / 本科,
python开发工程师,学院路,2018-09-03,高思教育集团,20k-30k,20k-30k 经验3-5年 / 本科,
高级python开发工程师,三元桥,1天前发布,nice,25k-45k,25k-45k 经验3-5年 / 本科,
高级Python开发工程师,中关村,3天前发布,北京米尼科技有限公司,18k-26k,18k-26k 经验3-5年 / 本科,
Python高级开发工程师,中关村,09:42发布,棣南新宇,15k-20k,15k-20k 经验3-5年 / 本科,
Python讲师 (MJ004002),大钟寺,1天前发布,达内集团,15k-30k,15k-30k 经验3-5年 / 本科,
Python【实习生】,亦庄,1天前发布,罗威亚科技,5k-10k,5k-10k 经验应届毕业生 / 本科,
Python开发工程师-小米电视,上地,2018-09-07,小米,15k-25k,15k-25k 经验3-5年 / 本科,
Python开发工程师-小米电视,上地,2018-09-07,小米,15k-25k,15k-25k 经验3-5年 / 本科,
Python研发中级工程师,海淀区,2018-09-04,掌控,15k-30k,15k-30k 经验3-5年 / 本科,
中级python开发工程师,海淀区,2天前发布,创新奇智,15k-30k,15k-30k 经验1-3年 / 本科,
Python开发工程师,花园桥,2018-09-18,犇众信息,10k-15k,10k-15k 经验1-3年 / 本科,
python开发实习生,知春路,14:05发布,智融集团,6k-9k,6k-9k 经验1年以下 / 不限,
后端技术经理（Python web）,大望路,11:50发布,果壳网,20k-40k,20k-40k 经验5-10年 / 本科,
Python开发工程师（校招）,团结湖,2天前发布,闪银奇异,10k-15k,10k-15k 经验不限 / 本科,
高级Python开发工程师,朝阳区,3天前发布,第三石科技,25k-40k,25k-40k 经验5-10年 / 本科,
Python后端工程师,朝阳区,18:02发布,图森未来,15k-30k,15k-30k 经验1-3年 / 本科,
高级python工程师,通州区,1天前发布,中谷金科,18k-25k,18k-25k 经验5-10年 / 本科,
Python 中级工程师,朝阳公园,1天前发布,ZingFront智线,15k-25k,15k-25k 经验3-5年 / 本科,
python开发工程师,亮马桥,2018-09-11,赤子城,10k-20k,10k-20k 经验3-5年 / 本科,
高级python开发工程师,五道口,3天前发布,北京汉能户用薄膜发电科技有限公司,25k-40k,25k-40k 经验3-5年 / 本科,
资深Python工程师,西北旺,2018-09-10,TransferEasy,15k-25k,15k-25k 经验3-5年 / 本科,
高级Python,朝阳区,3天前发布,The ONE,20k-30k,20k-30k 经验3-5年 / 本科,
web端Python开发工程师,朝阳区,11:30发布,闪银奇异,15k-30k,15k-30k 经验1-3年 / 本科,
Python开发工程师,朝外,2018-09-04,爱必投™云灵智链,10k-20k,10k-20k 经验3-5年 / 本科,
高级Python工程师,学院路,1天前发布,彩彻区明科技,18k-28k,18k-28k 经验3-5年 / 本科,
产品经理（数据方向 会R/Python）,朝阳区,2天前发布,有利网,8k-12k,8k-12k 经验1-3年 / 本科,
Python实习生,团结湖,2天前发布,格上添富,6k-12k,6k-12k 经验不限 / 本科,
Python高级讲师,马池口,2天前发布,积云教育,20k-30k,20k-30k 经验3-5年 / 本科,
Python开发工程师（XT1xhy）,朝阳区,2018-09-05,东方国信,15k-20k,15k-20k 经验5-10年 / 本科,
Web后台Python高级开发工程师,海淀区,15:25发布,医渡云（北京）技术有限公司,15k-30k,15k-30k 经验3-5年 / 本科,
Python中高级研发工程师,朝阳区,2018-09-18,装小蜜,15k-25k,15k-25k 经验3-5年 / 大专,
装机自动化高级工程师（Python）,工体,2018-09-13,京东集团,20k-40k,20k-40k 经验3-5年 / 本科,
中高级 Python 工程师,四惠,2天前发布,秘塔科技,18k-30k,18k-30k 经验1-3年 / 本科,
高级python开发工程师,中关村,3天前发布,百融金服,20k-30k,20k-30k 经验3-5年 / 本科,
Python开发工程师（校招）,望京,3天前发布,第三石科技,4k-8k,4k-8k 经验应届毕业生 / 本科,
python odoo 工程师,苏州桥,2018-09-18,北京家嘉华洋科技发展有限公司,10k-20k,10k-20k 经验3-5年 / 本科,
Python高级开发工程师,学院路,2018-09-03,unisonservice,25k-50k,25k-50k 经验3-5年 / 本科,
高级python开发工程师,海淀区,2天前发布,创新奇智,20k-40k,20k-40k 经验3-5年 / 本科,
中高级Python开发,朝阳区,2018-09-14,闪银奇异,18k-36k,18k-36k 经验3-5年 / 本科,
Python高级开发工程师,上地,2天前发布,库神,13K-25K,13K-25K 经验3-5年 / 大专,
Python/web开发工程师,海淀区,3天前发布,闪送,10k-20k,10k-20k 经验3-5年 / 本科,
家长帮-Python/Django web开发工程师,北京,3天前发布,好未来,20k-35k,20k-35k 经验3-5年 / 本科,
后端开发工程师（Python）,朝阳区,1天前发布,66game,20k-40k,20k-40k 经验3-5年 / 本科,
高级Python工程师,通州区,3天前发布,中谷金科,15k-25k,15k-25k 经验3-5年 / 本科,
高级Python开发工程师,海淀区,2018-09-21,智融集团,25k-45k,25k-45k 经验3-5年 / 本科,
Python开发工程师（网安）-北京,海淀区,2018-09-06,任子行,15k-20k,15k-20k 经验3-5年 / 本科,
高级Python工程师,亦庄,3天前发布,北京聚齐,20k-35k,20k-35k 经验5-10年 / 本科,
Python后端开发工程师,西直门,1天前发布,哗啦啦,15k-25k,15k-25k 经验1-3年 / 本科,
python算法工程师,望京,2018-09-03,中植集团-中海晟融,30k-45k,30k-45k 经验3-5年 / 硕士,
Python技术经理,昌平区,14:42发布,音悦荚,18k-36k,18k-36k 经验3-5年 / 本科,
高级Python工程师,朝阳区,2018-09-24,奇虎360,25k-50k,25k-50k 经验3-5年 / 本科,
Python高级/中级研发工程师,望京,2018-09-17,陌陌,20k-40k,20k-40k 经验3-5年 / 本科,
Python业务开发工程师,团结湖,2018-09-05,闪银奇异,15k-25k,15k-25k 经验1-3年 / 本科,
python高级工程,洋桥,2天前发布,拓天,25k-50k,25k-50k 经验5-10年 / 本科,
高级python开发工程师,双榆树,2018-09-20,混沌大学,20k-40k,20k-40k 经验3-5年 / 本科,
中高级python工程师,五道口,2天前发布,学堂在线,15k-30k,15k-30k 经验1-3年 / 大专,
python高级开发工程师,中关村,2018-09-13,青软实训,10k-15k,10k-15k 经验不限 / 大专,
Python高级工程师,苏州街,3天前发布,四个椰子,20k-30k,20k-30k 经验3-5年 / 本科,
Java/Python（实习）,白石桥,2天前发布,石云科技,3k-6k,3k-6k 经验应届毕业生 / 大专,
Python后端开发工程师,望京,10:30发布,更美APP,15k-30k,15k-30k 经验1-3年 / 本科,
Python server端工程师,万柳,2天前发布,币信,20k-40k,20k-40k 经验1-3年 / 本科,
Python后端开发工程师,望京,13:25发布,Castbox,20k-40k,20k-40k 经验3-5年 / 本科,
Python工程师-大数据方向,北航,2018-09-03,高思教育集团,15k-30k,15k-30k 经验3-5年 / 本科,
后端工程师（Python）,将台路,1天前发布,豆瓣网,20k-35k,20k-35k 经验3-5年 / 本科,
Python后端开发工程师,望京,2018-09-22,柔持英语,20k-30k,20k-30k 经验1-3年 / 本科,
大数据开发工程师【Python】,望京,2018-09-17,新世相,15k-25k,15k-25k 经验3-5年 / 本科,
云驱动Python开发高级工程师,奥运村,3天前发布,博飞,15k-30k,15k-30k 经验5-10年 / 本科,
Python后端开发工程师,大望路,09:31发布,罗辑思维,25k-50k,25k-50k 经验3-5年 / 本科,
Python高级开发工程师,中关村,2018-09-05,爱奇艺,20k-30k,20k-30k 经验3-5年 / 硕士,
Python教学研发经理,上地,1天前发布,北京八维研修学院,18k-35k,18k-35k 经验3-5年 / 大专,
Python工程师（基金方向）,朝阳区,2018-09-17,凤凰金融,10k-20k,10k-20k 经验1-3年 / 本科,
Python爬虫工程师,海淀区,2018-09-11,趣头条,20k-40k,20k-40k 经验3-5年 / 大专,
Python后台开发,北京大学,14:05发布,晶泰科技,10k-18k,10k-18k 经验1-3年 / 本科,
Python开发工程师（运维方向）,望京,2018-09-17,陌陌,20k-40k,20k-40k 经验不限 / 本科,
Java/Python（高级）,白石桥,2天前发布,聚微,20k-30k,20k-30k 经验3-5年 / 大专,
Python 后台工程师,海淀区,10:00发布,恒爱高科,5k-10k,5k-10k 经验1年以下 / 本科,
python高级工程师/架构师,西三旗,3天前发布,知网,10k-20k,10k-20k 经验3-5年 / 本科,
Python开发实习生,海淀区,1天前发布,百度视频,3k-4k,3k-4k 经验应届毕业生 / 本科,
百度-python实习生,西二旗,3天前发布,百度,2k-4k,2k-4k 经验不限 / 本科,
高级Python开发工程师,朝阳公园,2018-09-06,鲸准,15k-30k,15k-30k 经验1-3年 / 本科,
运维开发工程师（监控系统，go/python）,海淀区,12:50发布,金山云,18k-35k,18k-35k 经验3-5年 / 本科,
python实习生,朝阳区,1天前发布,The ONE,3k-4k,3k-4k 经验不限 / 本科,
高级Python量化工程师,海淀区,2天前发布,本征资本（EigenCapital）,25k-50k,25k-50k 经验3-5年 / 本科,
后端开发工程师（Python）,中关村,2018-09-17,Momenta,20k-24k,20k-24k 经验不限 / 不限,
python后端高级开发工程师,朝阳区,11:55发布,健康有益,15k-30k,15k-30k 经验3-5年 / 本科,
Python运维工程师,小关,3天前发布,灵犀联云,15k-25k,15k-25k 经验3-5年 / 本科,
Python Developer,四惠,2018-09-21,Amazon,25k-50k,25k-50k 经验3-5年 / 本科,
2019暑期实习-python开发助理,中关村,2018-09-18,融360,6k-8k,6k-8k 经验应届毕业生 / 本科,
Python开发（运维方向）,石景山区,2018-09-05,承启通,8k-12k,8k-12k 经验1-3年 / 本科,
资深DevOps研发工程师（Python/GO）,双榆树,1天前发布,Gridsum 国双,20k-35k,20k-35k 经验5-10年 / 本科,
python后端开发工程师,海淀区,3天前发布,江山如画网络科技,10k-18k,10k-18k 经验1-3年 / 本科,
高级讲师（Python 系统班）,望京,2天前发布,猿辅导,15k-25k,15k-25k 经验1-3年 / 本科,
Python开发实习生,北京大学,2018-09-19,Baca,7k-8k,7k-8k 经验应届毕业生 / 硕士,
python高级工程师,奥运村,2018-08-29,射雕,12k-24k,12k-24k 经验1-3年 / 本科,
python研发工程师（抓取平台开发方向）,知春路,14:05发布,智融集团,20k-40k,20k-40k 经验3-5年 / 本科,
Python助教,海淀区,3天前发布,慕课网,6k-8k,6k-8k 经验1-3年 / 本科,
python后端开发工程师,海淀区,2018-09-21,创源微致,20k-40k,20k-40k 经验5-10年 / 本科,
后端开发工程师（Python）,中关村,2018-09-17,Momenta,10k-15k,10k-15k 经验应届毕业生 / 本科,
04537-数据系统开发工程师(Python),海淀区,3天前发布,新浪微博,20k-35k,20k-35k 经验1-3年 / 本科,
研发专家-Java/Python/C++/Go北京,望京,2018-09-19,蚂蚁金服集团,25k-50k,25k-50k 经验3-5年 / 本科,
物联网安全分析C和Python实习生,海淀区,2天前发布,中科院信工所,6k-8k,6k-8k 经验应届毕业生 / 本科,
云迁移平台Python开发工程师,奥运村,3天前发布,博飞,10k-20k,10k-20k 经验3-5年 / 本科,
Python 实习工程师,朝阳区,2018-09-03,青云,3k-4k,3k-4k 经验不限 / 本科,
游戏研发工程师 （Python）（初级）,国贸,10:14发布,凯奇谷,6k-8k,6k-8k 经验1-3年 / 本科,
python数据处理工程师,知春路,1天前发布,视野金融,20k-30k,20k-30k 经验1-3年 / 本科,
python后端开发-lc,皂君庙,2018-09-20,北京瑞友,10k-20k,10k-20k 经验不限 / 本科,
python后端开发工程师,中关村,2018-09-09,蝉影科技,30k-60k,30k-60k 经验3-5年 / 本科,
高级python开发（微服务中间件）,望京,3天前发布,饿了么,15k-30k,15k-30k 经验1-3年 / 本科,
Python爬虫工程师,知春路,10:52发布,NewsJet,20k-40k,20k-40k 经验1-3年 / 本科,
python讲师（全职、兼职都可）,知春路,09:40发布,开课吧,25k-45k,25k-45k 经验5-10年 / 本科,
Python大数据工程师,城南,16:10发布,D0 DATA,6k-12k,6k-12k 经验不限 / 不限,
高级Python研发工程师（机器学习业务方向）,大屯,10:47发布,京东集团,18k-30k,18k-30k 经验不限 / 本科,
